Id,TitleId,RealName,CharacterName,Role
1,1,Ariane Tromp,Virgie,Screenwriter
2,1,Russel Ullrich,Camylle,Actress
3,1,Miller Macejkovic,Giovanni,Film Editor
4,1,Paris Rohan,Catherine,Screenwriter
5,1,Yasmin Muller,Ron,Production Designer
6,1,Billie Koss,Jay,Director
7,1,Anahi Olson,Wyman,Producer
8,1,Jolie McCullough,Aryanna,Actress
9,1,Jovani Gaylord,Sydnie,Screenwriter
10,2,Nicolas Heller,Jerry,Music Composer
11,2,Jeremie MacGyver,Marty,Actress
12,2,Louisa Funk,Kasey,Film Editor
13,2,Reanna Hegmann,Felicia,Producer
14,2,Noemy Goldner,Hollis,Actor
15,2,Savanah Veum,Cora,Actor
16,2,Danika Heathcote,Amanda,Actress
17,2,Lila Kuhic,Lorna,Actor
18,3,Micaela Auer,Lucinda,Producer
19,3,Jeanette Dooley,Lorenzo,Screenwriter
20,3,Nicola Roob,Christiana,Actor
21,3,Savanah Jast,Afton,Producer
22,3,Matteo Crona,Carleton,Actor
23,3,Jadon Ward,Stacey,Actress
24,3,Mazie Marks,Chanelle,Actress
25,3,Audrey Larson,Agustina,Costume Designer
26,3,Isaiah Ruecker,Bethany,Actress
27,4,Lillie Boyer,Maxine,Film Editor
28,4,Loma Lemke,Bernardo,Director
29,4,Paxton Nader,Keshaun,Screenwriter
30,4,Trever Aufderhar,Ewald,Screenwriter
31,4,Myrl Waters,Citlalli,Production Designer
32,4,Cornell O'Reilly,Reilly,Cinematographer
33,4,Catharine Ondricka,Damian,Production Designer
34,4,Tyree Fisher,Theron,Producer
35,5,Maye Koelpin,Helena,Actor
36,5,Lemuel Kozey,Yoshiko,Costume Designer
37,5,Delia Murray,Isaiah,Screenwriter
38,5,Alan Hilll,Cassandra,Screenwriter
39,6,Russel Reynolds,Jerald,Actor
40,6,Cindy Gaylord,Uriah,Actress
41,6,Jaleel Littel,Gwen,Production Designer
42,6,Gloria Rice,Isaias,Producer
43,6,Scot Greenfelder,Daisy,Production Designer
44,6,Cleo Gutkowski,Riley,Screenwriter
45,7,Valentina Gorczany,Angie,Actress
46,7,Willie Altenwerth,Burdette,Producer
47,7,Sebastian Mante,Marlon,Screenwriter
48,7,Mohamed Kuhlman,Jacynthe,Film Editor
49,7,Aracely Nader,Anissa,Producer
50,7,Ebony Effertz,Daphnee,Cinematographer
51,8,Broderick Klocko,Rory,Cinematographer
52,8,Minerva Mraz,Dorthy,Screenwriter
53,8,Samson Goldner,Salvatore,Actor
54,8,Mose Fadel,Mariana,Film Editor
55,9,Alice Goldner,Madisyn,Music Composer
56,9,Holly Osinski,Arnoldo,Production Designer
57,9,Brittany Medhurst,Elaina,Actress
58,9,Gustave Jacobson,Hester,Actress
59,9,Marie Koch,Heber,Cinematographer
60,10,Conrad Keebler,Jessica,Actor
61,10,Arden Stracke,Vida,Cinematographer
62,10,Johathan Gerhold,Arno,Producer
63,10,Hilma Rolfson,Keagan,Film Editor
64,10,Leone Anderson,Giles,Costume Designer
65,10,Robbie Baumbach,Vicente,Actor
66,10,Morris Pagac,Magnolia,Costume Designer
67,10,Eileen O'Reilly,Samantha,Production Designer
68,10,Annabelle Williamson,Christopher,Director
69,11,Oda Tromp,Clemens,Film Editor
70,11,Skylar Mayer,Princess,Producer
71,11,Reyes Friesen,Earnest,Film Editor
72,12,Jordon Goldner,Arlo,Director
73,12,Jamey Gleichner,Finn,Production Designer
74,12,Cortez Hahn,Edwardo,Actress
75,12,Presley Ankunding,Ulises,Producer
76,12,Efrain Hilll,Randal,Costume Designer
77,12,Ethyl Stamm,Mathias,Film Editor
78,12,Kyla Glover,Savanna,Director
79,13,Miguel Reichel,Larry,Cinematographer
80,13,Cristal Halvorson,Laurine,Film Editor
81,13,Shyann Ryan,Destinee,Actress
82,13,Dallin Wisozk,Eliseo,Director
83,13,Marley Botsford,Rubie,Cinematographer
84,14,King O'Connell,Wava,Producer
85,14,Albert Hessel,Candido,Actor
86,14,Hilda Price,Xavier,Production Designer
87,14,Euna Morissette,Ashtyn,Music Composer
88,14,Precious Mertz,Camylle,Actress
89,14,Florence Ferry,Darien,Director
90,15,Helga Hansen,Dameon,Cinematographer
91,15,Brooklyn Runolfsdottir,Lacy,Screenwriter
92,15,Kole Berge,Glen,Actress
93,15,Ulises Marquardt,Callie,Production Designer
94,16,Chester Bradtke,Whitney,Costume Designer
95,16,Alysa Spinka,Anika,Screenwriter
96,16,Wiley Paucek,Frank,Actress
97,16,Karianne Hilll,Wava,Director
98,16,Sigurd Dibbert,Stephanie,Production Designer
99,16,Toy Stanton,Charlie,Production Designer
100,17,Karlie Stehr,Catalina,Producer
101,17,Myrtle Roob,Salma,Costume Designer
102,17,Art Blick,Dameon,Cinematographer
103,17,Darrin Schuster,Lamar,Film Editor
104,17,Bertrand Hudson,Lempi,Producer
105,17,Bailey Flatley,Monserrate,Director
106,17,Israel Batz,Juanita,Screenwriter
107,18,Fredrick Abshire,Catherine,Cinematographer
108,18,Ezra Moore,Gustave,Director
109,18,Noelia King,Cortney,Film Editor
110,18,Jerrod Smith,Jerrod,Costume Designer
111,18,Phoebe Hauck,Tatum,Screenwriter
112,18,Virgie O'Kon,Baby,Screenwriter
113,18,Marlene Casper,Emmy,Production Designer
114,18,Hipolito Sipes,Eldon,Actor
115,18,Kurt Zulauf,Edwardo,Cinematographer
116,19,Danielle Dickinson,Vena,Screenwriter
117,19,Kellen Hoeger,Mossie,Director
118,19,Yessenia Lemke,Nathanael,Actor
119,19,Jaren Streich,Lawson,Costume Designer
120,20,Kiana Metz,Einar,Actress
121,20,Barrett Pacocha,Wilson,Screenwriter
122,20,Theresia Quitzon,Ova,Director
123,20,Talon Jaskolski,Leif,Cinematographer
124,20,Harvey Haag,Lucinda,Production Designer
125,21,Jameson Heidenreich,Laura,Costume Designer
126,21,Sedrick Yost,Macey,Producer
127,21,Solon Maggio,Gavin,Screenwriter
128,21,Laura Farrell,Desiree,Screenwriter
129,21,Camron Parker,Hubert,Actor
130,21,Violette Kreiger,Earline,Actress
131,21,Maybelle Bruen,Skylar,Producer
132,21,Alberta Denesik,Maxine,Screenwriter
133,21,Nathanial Bergstrom,Devante,Screenwriter
134,22,Glenna Lehner,Eldred,Cinematographer
135,22,Juana Little,Gladys,Actor
136,22,Mellie Mayer,Dario,Cinematographer
137,22,Augustus Farrell,Raphael,Director
138,22,Nathen Medhurst,Jerry,Film Editor
139,22,Kaia Leannon,Odessa,Actress
140,23,Jabari Heidenreich,Dameon,Costume Designer
141,23,Lorenzo Price,Tressa,Producer
142,23,Kacey Predovic,Trinity,Production Designer
143,23,Noel Cummings,Elouise,Cinematographer
144,23,Justina Gerlach,Candido,Actress
145,23,Rene Gibson,Ara,Music Composer
146,23,Rebekah Hansen,Miracle,Actress
147,23,Hassie Dach,Elza,Producer
148,24,Brain Schamberger,Virgil,Producer
149,24,Liliane Gorczany,Pinkie,Music Composer
150,24,Elta O'Conner,Martine,Film Editor
151,24,Magali Walsh,Janie,Cinematographer
152,25,Santina Corwin,Nickolas,Film Editor
153,25,Eliezer Padberg,Jarrod,Screenwriter
154,25,Katheryn Blanda,Alberto,Cinematographer
155,25,Eliseo Romaguera,Alexandra,Cinematographer
156,25,Arch Wunsch,Winston,Music Composer
157,25,Summer Schmeler,Della,Actress
158,26,Verdie Yundt,Wendy,Producer
159,26,Kiel Casper,Kenneth,Screenwriter
160,26,Darius Dibbert,Mable,Production Designer
161,26,Archibald Thiel,Norris,Music Composer
162,26,Leon Abshire,Clyde,Director
163,27,Ruthe Schinner,Kenny,Director
164,27,Therese D'Amore,Elody,Actress
165,27,Larissa Walker,Tremaine,Cinematographer
166,27,Jaren Denesik,Bryon,Costume Designer
167,27,Makayla Fisher,Martin,Cinematographer
168,28,Shawn Wehner,Erich,Producer
169,28,Kiera Conroy,Amos,Director
170,28,Elise Johns,Gordon,Actress
171,28,Name Stark,Iliana,Production Designer
172,29,Elwin Sipes,Donald,Production Designer
173,29,Julius Hessel,Alec,Cinematographer
174,29,Christian MacGyver,Adelbert,Cinematographer
175,29,Rebeka Corwin,Golden,Music Composer
176,29,Anika Simonis,Jaquan,Production Designer
177,29,Marilyne Gorczany,Mossie,Actress
178,29,Katharina Mayert,Ray,Music Composer
179,29,Liza Kuhn,Demond,Cinematographer
180,29,Lisa Gleason,Richard,Music Composer
181,30,Lionel Waters,Silas,Music Composer
182,30,Art Ruecker,Jonathon,Producer
183,30,Maegan Turcotte,Madalyn,Music Composer
184,30,Landen Cremin,Danyka,Music Composer
185,30,Jose Purdy,Zelda,Costume Designer
186,30,Casper Spencer,Judge,Screenwriter
187,31,Retta Barton,Antonina,Screenwriter
188,31,Aric Schultz,Kylee,Actress
189,31,Keith Hirthe,Wilber,Actor
190,32,Shirley Steuber,Felicita,Actor
191,32,Aditya Rempel,Rubye,Costume Designer
192,32,Zackery Padberg,Declan,Producer
193,32,Sebastian Champlin,Colton,Production Designer
194,32,Delilah Weissnat,Susanna,Music Composer
195,32,Adah Durgan,Gregoria,Actor
196,32,Jessy Smith,Clifton,Director
197,33,Skye Moore,Gilberto,Producer
198,33,Anissa Wisozk,Alverta,Producer
199,33,Imani Steuber,Cristopher,Screenwriter
200,33,Albertha Rempel,Antonio,Film Editor
201,33,Conrad Schulist,Javonte,Production Designer
202,34,Duncan Schmitt,Stephan,Actor
203,34,Lenny Aufderhar,Hailie,Production Designer
204,34,Arnoldo Sipes,Alexander,Production Designer
205,34,Loy Fay,Julian,Cinematographer
206,34,Breanna Wisoky,Loma,Production Designer
207,35,Jonas Kertzmann,Cullen,Production Designer
208,35,Deangelo Marquardt,Nolan,Actress
209,35,Davonte Yost,Laverne,Director
210,35,Everett Cruickshank,Clark,Producer
211,35,Irma Carroll,Jackie,Actor
212,35,Warren Stark,Jan,Production Designer
213,36,Elroy Kovacek,Noemy,Director
214,36,Gerda Ward,Tod,Actress
215,36,Hollie O'Keefe,Shanon,Director
216,36,Palma Klocko,Matt,Production Designer
217,36,Grayce Robel,Barrett,Film Editor
218,36,Rafael Deckow,Lucile,Actor
219,36,Rachelle Zemlak,Ruthe,Director
220,37,Verna Lebsack,Kelsie,Film Editor
221,37,Joshua Reilly,Caitlyn,Screenwriter
222,37,Everett Flatley,Austen,Producer
223,38,Isabelle Wintheiser,Stuart,Film Editor
224,38,Mariana Jaskolski,Marie,Music Composer
225,38,Ophelia Willms,Pablo,Music Composer
226,38,Cristobal Cormier,Stevie,Actor
227,38,Kris McDermott,Jeremie,Costume Designer
228,38,Euna Homenick,Harmony,Costume Designer
229,38,Cordia Sauer,Adam,Production Designer
230,38,Alek Koss,Khalil,Producer
231,38,Kaelyn Huels,Mavis,Production Designer
232,39,Brielle Kemmer,Cleveland,Actress
233,39,Jaleel Baumbach,Mckenna,Director
234,39,Haylie Bosco,Eloy,Screenwriter
235,39,Stanford Schiller,Gia,Costume Designer
236,39,Julio Howell,Cassandra,Production Designer
237,39,Trenton Block,Marlee,Director
238,39,Destany Lindgren,Silas,Production Designer
239,40,Keaton Crooks,Carmelo,Director
240,40,Eleanore Marks,Brooklyn,Director
241,40,Rachelle Huel,Ray,Production Designer
242,40,Robbie Robel,Lelia,Director
243,40,Emile Stokes,Kip,Cinematographer
244,40,Ruben Hamill,Napoleon,Film Editor
245,41,Darron Dibbert,Maryam,Production Designer
246,41,Katrine Wolf,Ramiro,Production Designer
247,41,Cody Pouros,Elton,Producer
248,41,Lauryn Deckow,Fay,Producer
249,41,Domenick Schulist,Edgar,Costume Designer
250,41,Holly Ruecker,Camilla,Screenwriter
251,42,Shaylee Hansen,Mikayla,Actor
252,42,Ambrose Brown,Kurtis,Actor
253,42,Rosamond Rolfson,Samanta,Production Designer
254,43,Francesca Erdman,Colt,Costume Designer
255,43,Wayne Welch,Vella,Actress
256,43,Howell Green,Casimir,Costume Designer
257,43,Alexa Bogan,Allan,Film Editor
258,43,Gaston Hudson,Abel,Director
259,44,Oleta Lowe,Griffin,Screenwriter
260,44,Ramona Herzog,Aaliyah,Screenwriter
261,44,Golda Mann,Madge,Actress
262,44,Paris Gleason,Kim,Film Editor
263,44,Gretchen Lindgren,Sammie,Screenwriter
264,44,Jesus Bergnaum,Elfrieda,Production Designer
265,44,Lambert Greenfelder,Quentin,Screenwriter
266,44,Lane Goodwin,Dominique,Film Editor
267,45,Fletcher Purdy,Otho,Film Editor
268,45,Rodrigo Bartoletti,Hal,Actor
269,45,Elody Wisozk,Braeden,Music Composer
270,46,Kenna Bailey,Timmothy,Film Editor
271,46,Joany Kuhic,Skyla,Screenwriter
272,46,Heather Schamberger,Tremayne,Film Editor
273,46,Holden Lang,Malika,Actor
274,46,Erin Romaguera,Oswald,Cinematographer
275,46,Barry Hettinger,Evans,Costume Designer
276,46,Rhoda Waters,Christina,Costume Designer
277,46,Kris Christiansen,Ronaldo,Cinematographer
278,46,Madyson Farrell,Margaret,Screenwriter
279,47,Stan Lehner,Felix,Music Composer
280,47,Andy Schowalter,Ramon,Director
281,47,Geraldine Schiller,Mariano,Actor
282,47,Mariana Moore,Elisabeth,Production Designer
283,47,Krista Corwin,Hazel,Screenwriter
284,47,Ona Friesen,Benton,Production Designer
285,47,Tate Kub,Brain,Music Composer
286,48,Kaelyn Lebsack,Arnoldo,Music Composer
287,48,Evelyn Abernathy,Julio,Cinematographer
288,48,Delbert Bergstrom,Lonzo,Costume Designer
289,48,Casimer Koch,Freddie,Producer
290,48,Haley D'Amore,Aliya,Actress
291,48,Rashawn Bartoletti,Brigitte,Director
292,48,Quincy Rice,Rita,Actor
293,49,Santino Reinger,Titus,Production Designer
294,49,Casimer Simonis,Humberto,Actor
295,49,Susie Treutel,Sanford,Screenwriter
296,49,Humberto Collins,Talon,Music Composer
297,49,Camilla Bode,Jakob,Music Composer
298,50,Gordon Runolfsson,Meghan,Costume Designer
299,50,Santino Skiles,Clare,Music Composer
300,50,Jerome Kuhlman,Jordon,Director
301,50,Stephany Nienow,Barton,Music Composer
302,50,Rebeca Hand,Mireya,Production Designer
303,50,Elwin Douglas,Ora,Music Composer
304,50,Alexane Towne,Corene,Director
305,50,Trevor Bins,Augustine,Cinematographer
306,51,Vivienne Fritsch,Destini,Cinematographer
307,51,Eloisa Walker,Marisol,Production Designer
308,51,Alisha Lemke,Alta,Production Designer
309,51,Henri Roob,Kaylie,Screenwriter
310,51,Courtney Lockman,Adell,Director
311,51,Anya Balistreri,Orrin,Actress
312,51,Ceasar Oberbrunner,Ardella,Director
313,52,Nichole Effertz,Camden,Music Composer
314,52,Della Langosh,Lamont,Cinematographer
315,52,Marlee Nienow,Marie,Cinematographer
316,53,Kirsten Roob,Kaelyn,Costume Designer
317,53,Eveline Adams,Birdie,Cinematographer
318,53,Cielo Mayert,Kieran,Production Designer
319,53,Savion Bartoletti,Raleigh,Producer
320,54,Rosalinda Cartwright,Emie,Director
321,54,Dewayne Cummerata,Bridgette,Producer
322,54,Bernadine Heaney,Fern,Producer
323,55,Ephraim Reilly,Ulices,Film Editor
324,55,Clovis Zemlak,Lorna,Production Designer
325,55,Nathanial Senger,Henderson,Production Designer
326,55,Brown West,Jermey,Producer
327,55,Lula Schneider,Frederik,Director
328,55,Arely Prohaska,Maryjane,Director
329,55,Gregory Johnston,Luna,Director
330,55,Giuseppe Jast,Markus,Music Composer
331,56,Kirsten Goyette,Barney,Director
332,56,Sabrina Yundt,Wilford,Production Designer
333,56,Blake Hammes,Guiseppe,Cinematographer
334,56,Murphy Rempel,Everette,Producer
335,56,Monty Schaden,Nikolas,Producer
336,56,Kenyon Schmidt,Rosalee,Screenwriter
337,57,Heaven Jast,Kelsie,Screenwriter
338,57,Francisco Labadie,Euna,Music Composer
339,57,Lafayette Little,Omer,Director
340,57,Nikki Leuschke,Carlie,Screenwriter
341,57,Kirsten Johns,Brenden,Cinematographer
342,57,Laila Hammes,Walton,Screenwriter
343,57,Maria Simonis,Graciela,Costume Designer
344,57,Janelle Kerluke,Jammie,Producer
345,57,Westley Herzog,Graciela,Music Composer
346,58,Jimmie Collier,Maynard,Cinematographer
347,58,Brennan Gleichner,Benjamin,Producer
348,58,Hester Schmeler,Zoila,Music Composer
349,58,Adolphus Stoltenberg,Misty,Film Editor
350,58,Johnny Denesik,Arvid,Actress
351,58,Talon Walsh,Forrest,Screenwriter
352,59,Elnora Hartmann,Reilly,Actress
353,59,Lia Hackett,Stephanie,Film Editor
354,59,Fredy Pouros,Morgan,Director
355,60,Wilfrid Casper,Gillian,Actor
356,60,Kamryn Smitham,Fabiola,Cinematographer
357,60,Dana Rath,Raegan,Actress
358,60,Vallie Schuster,Tristin,Cinematographer
359,61,Maudie Rowe,Leann,Actress
360,61,Stanton Ward,Kathlyn,Film Editor
361,61,Emmett Bauch,Claudine,Film Editor
362,61,Angeline Murazik,Daphnee,Actress
363,61,Evangeline Murphy,Gertrude,Screenwriter
364,61,Ernie Strosin,Kayli,Actress
365,61,Jarrell Considine,Andrew,Production Designer
366,61,Greg Herman,Michael,Music Composer
367,61,Johnson Dietrich,Lelia,Costume Designer
368,62,Edwin Sauer,Jacques,Cinematographer
369,62,Miguel Langosh,Coleman,Director
370,62,Samantha Barrows,Pedro,Cinematographer
371,63,Bo MacGyver,Ephraim,Actor
372,63,Tressa Stracke,Mohammed,Actress
373,63,Ubaldo Gusikowski,Rosa,Screenwriter
374,63,Jackie Boehm,Clarabelle,Music Composer
375,63,Mellie Leffler,Alta,Screenwriter
376,64,General Hammes,Arnulfo,Production Designer
377,64,Alford Schumm,Bell,Production Designer
378,64,Wyatt Pouros,Jennifer,Actress
379,64,Gerard Russel,Edward,Cinematographer
380,65,Guillermo Jacobs,Demetris,Music Composer
381,65,Reed Lubowitz,Carole,Director
382,65,Marge Breitenberg,Nick,Film Editor
383,65,Andreane Ankunding,Mazie,Costume Designer
384,65,Bart Gusikowski,Renee,Director
385,66,Lilliana Steuber,Reid,Production Designer
386,66,Dedric Green,Kip,Director
387,66,Monserrate Nienow,Alba,Costume Designer
388,66,Stephen Hansen,Dortha,Director
389,67,Isidro Pfeffer,Bethel,Actress
390,67,Tressa Carroll,Lila,Actor
391,67,Cassandre Herman,Elda,Screenwriter
392,68,Sammie Ward,Donna,Director
393,68,Lonny O'Connell,Jack,Costume Designer
394,68,Eileen Reinger,Summer,Screenwriter
395,68,Humberto Roberts,Verna,Music Composer
396,68,Elaina Gulgowski,Lonzo,Actress
397,68,Sydni Schinner,Jeanie,Actress
398,68,Danny Wuckert,Ransom,Film Editor
399,69,Jaydon Roberts,Aida,Music Composer
400,69,Santiago Farrell,Kyler,Cinematographer
401,69,Howell McCullough,Michel,Costume Designer
402,69,Jeffrey Welch,Beryl,Actress
403,70,Eldridge Baumbach,Jakayla,Director
404,70,Burnice Conroy,Therese,Costume Designer
405,70,Austyn Grimes,Alize,Actress
406,70,Marshall Sporer,Lilian,Actor
407,70,Arne Gottlieb,Betsy,Music Composer
408,70,Rosina Huel,Horace,Film Editor
409,71,Luella Stamm,Pete,Screenwriter
410,71,Luella Cruickshank,Brandon,Costume Designer
411,71,Orland Batz,Adell,Producer
412,71,Helga Vandervort,Providenci,Cinematographer
413,71,Marty Davis,Demario,Director
414,71,Lauryn Bashirian,Ludwig,Costume Designer
415,71,Mandy O'Conner,Karlee,Producer
416,71,Donna Ondricka,Russell,Director
417,71,Korey Terry,Tamara,Director
418,72,Frances Thiel,Luella,Screenwriter
419,72,Maggie Windler,Soledad,Costume Designer
420,72,Gabe Paucek,Kara,Director
421,72,Reva Hauck,Juwan,Director
422,73,Pascale McGlynn,Michel,Production Designer
423,73,Arne Bins,Hubert,Film Editor
424,73,Bryana Schaefer,Onie,Director
425,73,Bertha Hane,Della,Actor
426,73,Kris Beier,Kira,Cinematographer
427,73,Karelle Wuckert,Hettie,Music Composer
428,73,Rosina Hettinger,Isaias,Cinematographer
429,74,Shawn Bode,Rahul,Actor
430,74,Makayla Turner,Everett,Actress
431,74,Maryam Kihn,Barrett,Film Editor
432,74,Antonetta Ebert,Yoshiko,Screenwriter
433,74,Lori Moen,Lisette,Music Composer
434,74,Ernesto Weber,Meta,Production Designer
435,74,Davon Waters,Hilario,Costume Designer
436,74,Charlene Reynolds,Kirstin,Cinematographer
437,74,Linnie Reichert,Bethel,Film Editor
438,75,Tianna Jacobi,Evie,Music Composer
439,75,Shad Tromp,Brittany,Cinematographer
440,75,Micah Kub,Cydney,Screenwriter
441,75,Kitty Smitham,Noelia,Director
442,75,Angelita Stehr,Kristin,Cinematographer
443,75,Anastasia Maggio,Tatum,Producer
444,75,Darrel Pfannerstill,Genesis,Actor
445,76,Keyon Rolfson,Abbie,Director
446,76,Mitchel Quigley,Jarrod,Director
447,76,Hillard Ratke,Leon,Music Composer
448,77,Elda Dietrich,Lucile,Producer
449,77,Paxton Hagenes,Hassie,Costume Designer
450,77,Tia Franecki,Shanelle,Actor
451,77,Tom Welch,Verona,Actor
452,77,Jordan Dickens,Darius,Screenwriter
453,77,Guiseppe Lebsack,Myrtie,Music Composer
454,78,Stephon Stanton,Gust,Costume Designer
455,78,Dayna Stamm,Christop,Cinematographer
456,78,Tiana Hammes,Ayden,Costume Designer
457,78,Yolanda Kozey,Jeremie,Screenwriter
458,78,Rico Haag,Elza,Director
459,78,Oma Abernathy,Ed,Cinematographer
460,78,Dakota Bergstrom,Mina,Director
461,79,Anahi Berge,Flossie,Screenwriter
462,79,Vicky VonRueden,Colby,Producer
463,79,Angelita Sporer,Savanna,Actor
464,79,Leonel Gusikowski,John,Cinematographer
465,79,Curt Veum,Clotilde,Music Composer
466,79,Selena Turcotte,Andres,Music Composer
467,79,Nick Heidenreich,Paris,Costume Designer
468,79,Assunta Nader,Sadye,Production Designer
469,79,Marilou King,Sydnee,Film Editor
470,80,Abby Kirlin,Belle,Director
471,80,Karelle Johns,Adelle,Producer
472,80,Danielle Skiles,Bobbie,Costume Designer
473,80,Boris Schaefer,Jameson,Screenwriter
474,81,Joseph Tillman,Alexandrea,Production Designer
475,81,Heber Bins,Audrey,Costume Designer
476,81,Ahmed Mann,Dwight,Music Composer
477,81,Madeline Brekke,Leone,Film Editor
478,82,Braeden Smith,Zelda,Actor
479,82,Lucio Bruen,Osbaldo,Production Designer
480,82,Judah Veum,Gia,Screenwriter
481,82,Francisco Koch,Keaton,Production Designer
482,83,Cordie Jacobi,Trystan,Producer
483,83,Sadye Von,Maxwell,Cinematographer
484,83,Brice Davis,Judah,Director
485,83,Brannon Frami,Raphael,Music Composer
486,83,Logan Marvin,Fleta,Director
487,83,Devonte Sauer,Rodger,Music Composer
488,83,Payton Borer,Ethyl,Music Composer
489,83,Tyrese McDermott,Breanne,Production Designer
490,83,Zackary Kub,Fritz,Producer
491,84,Mia Zemlak,Ulices,Actor
492,84,Donald Moore,Cheyanne,Screenwriter
493,84,Braxton Parker,Elfrieda,Costume Designer
494,84,Maximillian Block,Brown,Cinematographer
495,84,Jett Carter,Nola,Producer
496,85,Sonya Kihn,Lue,Screenwriter
497,85,Greg Deckow,Kaylah,Film Editor
498,85,Abigale Gleason,Alfreda,Costume Designer
499,86,Osvaldo Yost,Demarcus,Director
500,86,Odell Mayer,Kristina,Director
501,86,Tabitha Krajcik,Jovani,Cinematographer
502,86,Christopher Franecki,Pedro,Film Editor
503,86,Leora Donnelly,Mercedes,Production Designer
504,86,Anjali Crona,Zechariah,Film Editor
505,87,Willow Hahn,Nelson,Production Designer
506,87,Ewell Reichel,Frances,Actress
507,87,Major Dare,Gerald,Film Editor
508,88,Elenor Hyatt,Johann,Screenwriter
509,88,Maddison Krajcik,Kayla,Actress
510,88,Jeffry Schroeder,Markus,Costume Designer
511,89,Ian McLaughlin,Alexander,Film Editor
512,89,Karolann Kautzer,Moriah,Screenwriter
513,89,Ephraim Hodkiewicz,Brando,Cinematographer
514,89,Clyde Upton,Don,Director
515,89,Brice Romaguera,Eliseo,Actor
516,90,Nicholas Kohler,Greg,Costume Designer
517,90,Shirley Aufderhar,Julian,Cinematographer
518,90,Jacques Jacobi,Raul,Costume Designer
519,101,Quinton D'Amore,Bernard,Cinematographer
520,101,Matt Fadel,Devin,Film Editor
521,101,Jarvis Crooks,Otha,Music Composer
522,101,Twila Fay,Gerardo,Cinematographer
523,101,Jeffrey Kutch,Wilfred,Screenwriter
524,101,Muriel Lowe,Dixie,Director
525,102,Otilia Hintz,Fredrick,Music Composer
526,1,,,sit
527,102,Diamond McLaughlin,Noble,Actor
528,1,,,dolore
529,103,Marcos O'Reilly,Jonathon,Production Designer
530,1,,,omnis
531,1,,,eum
532,1,,,aut
533,1,,,accusamus
534,1,,,reprehenderit
535,104,Tessie Howe,Kacie,Production Designer
536,1,,,eligendi
537,1,,,fugit
538,1,,,architecto
539,104,Georgette Schroeder,Amely,Costume Designer
540,1,,,error
541,105,Ian Weimann,Scotty,Actress
542,105,Rowena Hilll,Laisha,Music Composer
543,1,,,vel
544,106,Daryl Reichel,Kavon,Actor
545,106,Drew Nolan,Myrtice,Actor
546,106,Jocelyn Koch,Stephanie,Actor
547,106,Rhoda Feil,Jamey,Screenwriter
548,106,Serenity Becker,Ryder,Actress
549,1,,,eveniet
550,1,,,nesciunt
551,1,,,sed
552,1,,,doloribus
553,108,Lucinda Gleason,Asia,Film Editor
554,108,Amaya Hyatt,Bernardo,Music Composer
555,1,,,sunt
556,1,,,sint
557,1,,,quam
558,109,Shayne Kerluke,Jason,Music Composer
559,109,Brisa Casper,Aurelia,Actress
560,1,,,sed
561,1,,,laborum
562,110,Angelina Gaylord,Thaddeus,Costume Designer
563,1,,,amet
564,1,,,dolor
565,1,,,eaque
566,1,,,porro
567,111,Jules Kertzmann,Stefan,Actor
568,111,Lamar Kertzmann,Octavia,Actress
569,111,Lorena Koch,Raven,Film Editor
570,1,,,temporibus
571,111,Neha Shields,Judd,Cinematographer
572,112,Casper Hoppe,Madonna,Producer
573,1,,,est
574,1,,,rerum
575,1,,,eligendi
576,1,,,et
577,112,Dorothea Bradtke,Brendan,Film Editor
578,112,Kennedy Ritchie,Clemens,Actress
579,112,Candice Cronin,Lon,Cinematographer
580,1,,,quam
581,1,,,rerum
582,1,,,eligendi
583,1,,,ut
584,114,Walter Hansen,Francisca,Producer
585,1,,,doloremque
586,114,Ian Casper,Nathan,Music Composer
587,115,Dillon Streich,Sedrick,Music Composer
588,1,,,libero
589,115,Adah Becker,William,Production Designer
590,1,,,unde
591,115,Gabe Crooks,Alec,Music Composer
592,115,Terry Williamson,Jo,Production Designer
593,1,,,eos
594,115,Lauretta Hilll,Brennan,Director
595,1,,,voluptatem
596,116,Kiana Nolan,Hollis,Film Editor
597,1,,,nemo
598,1,,,nemo
599,1,,,ut
600,116,Elna Littel,Maverick,Screenwriter
601,1,,,porro
602,1,,,quas
603,116,Mireya Conroy,Heath,Costume Designer
604,117,Kathleen Schulist,Cleora,Director
605,117,Madyson Labadie,Belle,Actor
606,117,Ettie Pfeffer,Billie,Screenwriter
607,1,,,voluptas
608,1,,,sit
609,1,,,qui
610,117,John O'Reilly,Mariane,Screenwriter
611,1,,,ad
612,118,Alyce Davis,Dominique,Costume Designer
613,1,,,consequuntur
614,118,Jaqueline Dare,Arne,Cinematographer
615,118,Daryl Rowe,Anastasia,Producer
616,1,,,ducimus
617,1,,,est
618,118,Mylene Gutmann,Jacey,Actor
619,1,,,voluptatem
620,119,Osbaldo Stroman,Zoey,Screenwriter
621,119,Mariane Zieme,Nicolette,Production Designer
622,1,,,nihil
623,1,,,corrupti
624,119,Taryn Koepp,Anibal,Cinematographer
625,1,,,impedit
626,119,Yasmine Witting,Hettie,Screenwriter
627,120,Kole Klocko,Juliet,Film Editor
628,120,Cathryn Bernier,Annabel,Production Designer
629,1,,,consequatur
630,120,Ewald O'Reilly,Zoey,Director
631,1,,,reiciendis
632,0,Althea Jerde,Tamia,Producer
633,0,Loraine Wiza,Patricia,Production Designer
634,0,Kara Rosenbaum,Weston,Cinematographer
635,0,Jovanny Fadel,Alycia,Cinematographer
636,0,Marie Daugherty,Marina,Screenwriter
637,0,Leatha Gibson,Merle,Actress
638,0,Roma Torphy,Friedrich,Actress
639,0,Verla Donnelly,Marley,Producer
640,0,Robin Larson,Miller,Screenwriter
641,0,Clementine Lemke,Kiarra,Film Editor
