id,title_name,description,release_year,age_certification,runtime,genres,production_country,seasons
1,online system,Vel rerum quibusdam dignissimos deleniti. Quam nulla alias. Id ut unde blanditiis dolor enim. Quia porro minus.,2023,GP,170,Horror;Action,TN,0
2,Greg's primary Adventure,Pariatur ut et numquam dolores commodi. Quam et saepe. Possimus omnis enim dolorem repudiandae eum. Aut et corrupti vero incidunt beatae nemo.,2022,6,164,Drama;Action,MR,5
3,Return of the alarm,Facilis omnis non cum nihil laborum soluta et a. Omnis sunt labore excepturi non. Dolore nisi quibusdam quod qui labore nesciunt delectus. Amet cupiditate possimus. Quo sit veritatis eos officia aut ducimus quae. Officia reiciendis voluptates.,2023,R,88,Action;Comedy;Horror;Drama;Adventure,PW,6
4,Bogus.Randomizer of mollitia,Facilis doloremque sunt nobis rem eius quas. Ut commodi recusandae quis id quas ut nam. Occaecati dolorum iusto vero distinctio ut sint. Sed fugit aut ut nesciunt aut quas. Repellendus culpa sed repellendus omnis placeat.,2023,U/A,100,Drama;Adventure;Horror;Comedy,DK,2
5,Bogus.Randomizer of similique,Et est natus consectetur. Ducimus inventore asperiores minima facilis explicabo vitae. Dolore numquam laborum hic temporibus porro est. Iste quis delectus quo corporis sed.,2022,M/PG,105,Comedy;Action;Adventure;Horror;Drama,UY,4
6,The Bogus.Randomizer compress,Officia magni dolores delectus. Quasi rerum inventore commodi vel veritatis accusantium harum commodi sint. Consequatur est voluptas doloribus voluptatem tempore omnis nisi. Necessitatibus voluptatibus ut qui quia ut molestias eaque occaecati. Aut eos officiis. Vel eligendi rem delectus recusandae quidem sint et dolorum et.,2023,U,97,Horror;Adventure,VU,2
7,Handmade Handcrafted Wooden Gloves,Nihil nobis perspiciatis dolorem sequi. Assumenda repudiandae consequatur omnis distinctio aperiam incidunt illum voluptas. Fugiat quaerat minima ipsam minus ipsum totam ipsa asperiores modi. Voluptatem dolorum eveniet ipsum quia nihil aut autem qui impedit.,2023,R,82,Horror;Action;Drama;Adventure;Comedy,JP,5
8,optical bus,Dolorem quos fugiat nihil assumenda. Reiciendis voluptate eligendi est ut et optio. Ipsa officia vitae maiores aperiam qui.,2023,TV-G,120,Horror;Adventure,PA,2
9,Return of the system,Vel cupiditate quos molestiae fugit. Et eligendi rerum iure earum tenetur totam. Nostrum numquam natus iste delectus error. Velit sint animi placeat eius provident sed nisi. Corrupti molestiae minima a. Odio et et quidem commodi.,2023,T,122,Comedy;Horror;Action;Drama,IT,4
10,The Bogus.Randomizer connect,Eaque fugit id tenetur eos ratione numquam error temporibus. Fugiat ea illo nihil amet. Eum quia ab eveniet modi debitis non asperiores recusandae.,2023,X18,111,Adventure;Horror,MS,5
11,mobile interface,Quis ut quod quis dicta quisquam. Corporis dolorem et magnam dolor non corrupti odit aut. Et consequatur culpa quia dolorem molestias consequatur. Consequatur saepe voluptas similique laborum molestiae commodi eos.,2022,18R,179,Action,DM,5
12,The Bogus.Randomizer input,Eos magni quo sit earum debitis veniam omnis. Odio aut autem qui. Harum est libero totam laborum cum aut aut facere. Blanditiis qui rerum.,2023,S,103,Adventure;Drama;Comedy;Horror,DZ,5
13,Fantastic Gorgeous Granite Computer,Ex ducimus quia et dolorem. Ut nesciunt reprehenderit. Culpa rerum nesciunt saepe.,2023,G,101,Adventure;Horror;Drama;Action;Comedy,NP,1
14,Bogus.Randomizer of fuga,Laboriosam qui illum labore distinctio. Nulla quo vel est quisquam eaque. Consequatur rerum molestiae ut qui alias est qui. Deleniti voluptate amet distinctio iure hic. Similique quasi tempore alias aut alias aspernatur et. A saepe reiciendis itaque et enim.,2023,U/A,97,Drama;Comedy,BQ,6
15,Return of the port,Ab animi expedita rerum rem earum est ut rem veritatis. Nemo sed natus velit. Voluptates dolorem corporis sit et voluptatum et fugit non rerum. Explicabo quia ducimus adipisci consectetur. Similique minima et consequuntur.,2023,M,163,Action,AZ,0
16,The Bogus.Randomizer bypass,Repudiandae possimus neque qui facilis sint et quidem. Eius in est ut dolor commodi iure quaerat nemo. Dolorum itaque laborum minima quos.,2023,EC,159,Horror,CU,1
17,Juston's cross-platform Adventure,Labore est sed aut. Sunt praesentium iusto omnis nam aliquid aut qui accusantium voluptatem. Cum voluptatem a. Nesciunt illo temporibus. Quam aut incidunt.,2022,A,143,Action;Adventure;Drama,SG,6
18,virtual feed,Temporibus esse earum aut ea deserunt expedita aut suscipit. Expedita maiores sed voluptatem. Alias sed et ut illo. Laboriosam ut deserunt natus pariatur quae aut voluptas possimus. Omnis placeat aspernatur nobis.,2022,E10+,157,Drama;Horror;Adventure,LK,6
19,The Bogus.Randomizer compress,Ullam optio a. Debitis fugiat quisquam cum sit reprehenderit nihil. In deserunt totam inventore repellendus amet qui dolorem. Alias eveniet est. Sunt quia nam minus eos temporibus occaecati.,2023,12,90,Drama;Adventure;Comedy;Horror;Action,GQ,0
20,The Bogus.Randomizer generate,Placeat porro molestias veritatis et rerum harum quis provident et. Beatae minus possimus. Qui eos saepe qui officia cum tempora accusamus cumque enim.,2023,MA15+,160,Adventure,RW,0
21,Hugh's auxiliary Adventure,Est est at doloremque corrupti. Voluptatem omnis minima et nobis eveniet amet et voluptatem enim. Et fuga corporis.,2022,TV-PG,152,Drama;Action;Adventure;Comedy,UA,0
22,Barrett's neural Adventure,Incidunt et nemo sint. Aut dolores vitae repellendus. Id vitae a. Id non dolorem dolor ex rem.,2023,TV-Y7,92,Comedy;Drama;Adventure,PA,0
23,Return of the hard drive,Asperiores officia qui expedita ab aut. Facilis illum tempore dolores aliquam cum et. Reiciendis consequuntur sit corporis blanditiis id ipsum. Autem a voluptatem facere enim consequuntur sunt eum sint ipsa.,2023,E10+,171,Action;Adventure,TK,4
24,The Bogus.Randomizer navigate,Aut sit ullam veritatis ut recusandae. Molestiae unde in aliquam facilis quis ut. Sit vero sit sit. Illo quis at ipsum facere alias minus nesciunt. Ut velit magnam fugit harum illo ea accusantium reiciendis.,2023,NC-17,111,Action;Drama;Comedy;Adventure,AW,1
25,Bogus.Randomizer of dolorum,Vitae at sit quis et esse. Quidem voluptatem excepturi omnis laudantium totam sapiente. Numquam incidunt tempore saepe. Qui quo sed. Aut esse quasi consequatur molestias voluptas perferendis rerum veritatis nulla. Exercitationem id consequatur fugiat.,2023,EC,85,Drama,MZ,5
26,Bogus.Randomizer of molestias,Quo et maxime ullam. Enim rem nisi nulla nemo aut similique voluptas. Id ea eligendi nisi soluta.,2023,12A,136,Drama;Action;Comedy,NG,6
27,Joyce's auxiliary Adventure,Veniam nisi soluta earum provident ipsa ut animi blanditiis sit. Eaque voluptates sint minima ad excepturi placeat architecto. Aut earum qui. Porro eos nesciunt explicabo deserunt possimus quia omnis.,2023,TV-Y,142,Horror;Comedy;Drama;Adventure,SG,3
28,Return of the firewall,Fugiat nihil iure adipisci nihil fugit neque illo sit. Saepe ipsam molestiae accusantium quo. Ut itaque in. Expedita ut esse. Veniam voluptates autem dolores.,2022,E,168,Horror,LR,1
29,Bogus.Randomizer of tempore,Natus animi architecto laudantium maxime doloribus laborum. Non eos cupiditate cumque aperiam. Quis dolore rerum dolorum impedit modi dolores. Qui doloribus ullam quo doloribus rerum temporibus voluptate repellendus consequuntur.,2022,M,130,Horror;Adventure,JM,3
30,Small Handmade Rubber Salad,Dolorem nisi qui inventore est dolorem saepe odit unde repudiandae. Ut temporibus ut. Repudiandae qui autem dolores et sapiente ducimus nemo qui. Est consequatur nemo sed sit consequuntur. Aut doloremque culpa et.,2022,9,87,Horror;Adventure;Action;Comedy,NE,2
31,Rosalinda's multi-byte Adventure,Magni cumque ipsam pariatur officiis odit quo blanditiis ea. Qui maiores neque culpa sit et accusamus excepturi quam. Enim quas distinctio unde quis praesentium eum earum sequi. Pariatur voluptatibus quasi quas dolorem. Dolorem facilis expedita. Voluptas error est eaque eum.,2023,TV-MA,119,Horror,CX,4
32,Generic Licensed Fresh Chicken,Amet nesciunt aut. Omnis ipsa in aut. Qui omnis veritatis soluta expedita reprehenderit eveniet unde autem.,2023,R,98,Horror,CF,0
33,Bogus.Randomizer of vero,Amet sed eaque fugit consequuntur animi qui placeat. Enim sint voluptatem non. Ut qui quo quae rerum nisi hic illo rem maiores.,2023,9,136,Drama,DK,3
34,Return of the hard drive,Qui perferendis perferendis. Et ducimus molestiae est earum laudantium sapiente qui non. Cumque voluptates enim. Dolorem est similique rerum quam aspernatur dolores amet qui sit. Laboriosam doloribus est laborum est repellat. In voluptatem possimus commodi ipsam ut ipsum.,2022,15,152,Adventure;Comedy;Drama,BQ,6
35,The Bogus.Randomizer program,Tempore culpa incidunt neque eos cumque et. Error sit est rerum consectetur consequuntur blanditiis accusantium blanditiis officia. Ratione officiis aut suscipit rerum accusantium beatae qui excepturi. Ad provident dolor odit qui est. Nesciunt blanditiis minus impedit deleniti commodi sit.,2023,GP,137,Action;Drama;Adventure;Horror;Comedy,BL,6
36,The Bogus.Randomizer bypass,Incidunt tempore nihil architecto rerum hic. Id rem ut ut dicta repellendus sint excepturi laborum dolore. Nesciunt soluta qui. Non temporibus praesentium sed nulla consequatur animi et. Inventore ratione repellat porro voluptate maiores distinctio beatae sint.,2022,C,87,Action;Horror,AQ,2
37,Return of the system,Sunt vitae inventore architecto suscipit nam. Quia dicta corrupti maxime sequi non aut vel quisquam. Veritatis dolore tenetur aut sint eaque repudiandae. Eos ex in illo tempore qui voluptatum hic veritatis saepe. Nisi dolorum corrupti. Officiis similique reiciendis.,2023,MA15+,179,Comedy,CL,4
38,Sister's solid state Adventure,Reiciendis repellendus nihil at odio qui odio nobis ut. Consequuntur totam magni nisi voluptas. Molestias illum quis rem ipsum iusto eius cumque delectus repudiandae.,2023,TV-MA,129,Adventure;Drama,ID,0
39,optical monitor,Quia expedita voluptatem distinctio. Tempora similique vero modi. Vel cumque est deleniti natus ut necessitatibus et. Sed repudiandae doloremque maxime consequatur. Qui magnam repellendus soluta amet aliquid.,2023,R,137,Drama;Horror,TJ,4
40,Return of the pixel,Sit eos et ipsam sint. Fugiat laborum molestiae. Reiciendis dolorum voluptatibus ut. Et sunt et ut vel dolore quibusdam at. Veritatis quo nihil maiores autem fugiat aut id numquam.,2022,U,169,Horror,MD,4
41,solid state sensor,Illo odit in incidunt. Distinctio delectus est consectetur aut voluptates incidunt. Aut voluptatem tempore blanditiis error voluptates et nisi cum soluta. Sed id quas voluptas quaerat enim. Aliquid consequatur consequuntur sint. Non et enim dolores sed eveniet.,2023,MA15+,87,Action;Comedy;Horror,NL,5
42,The Bogus.Randomizer synthesize,Dolor eum officiis ipsa distinctio molestiae delectus tenetur harum. Eum eos sapiente eaque fuga doloribus velit eos. Autem ipsum quis omnis autem odio quaerat qui expedita voluptas. Harum quae eveniet rerum. Et minima tempora explicabo illo ipsum. Sint fuga corrupti impedit mollitia.,2023,AL,87,Drama;Horror;Comedy,BT,6
43,Bogus.Randomizer of voluptatibus,Voluptatem mollitia ex molestiae rerum. Incidunt ullam earum repellendus occaecati voluptates dicta. Ut quam delectus assumenda laboriosam sed. Minima consequatur voluptas officia earum. Sunt et sequi voluptas tempora consequuntur tenetur.,2023,18,179,Horror,US,5
44,Return of the interface,Voluptate sed quaerat neque earum enim minus similique. Nihil omnis sed impedit voluptas iure et. Explicabo dignissimos odit possimus non placeat rerum exercitationem. Quisquam voluptatem aliquid in ratione autem quia aut est non. Facere possimus dolorem consequatur laudantium maiores dolorem dolor minima tempore.,2023,U/A,136,Drama;Horror,MH,0
45,Return of the protocol,Expedita distinctio quod. Doloribus facilis ratione qui suscipit. Ad totam voluptas consequatur inventore a dolorem sed.,2022,AL,117,Drama;Horror;Action,BQ,2
46,Joyce's mobile Adventure,Non iste pariatur magni aut eligendi in blanditiis quis expedita. Iste sint et dolorem ad. Tempora ab quia hic voluptatem nobis et occaecati dicta repellat. Sunt hic quo hic.,2023,9,110,Comedy,AR,2
47,Megane's 1080p Adventure,Minus non est nulla voluptas in cum atque. Hic molestiae exercitationem omnis voluptas cumque minima omnis est sunt. Delectus nemo autem illum sequi enim eos neque.,2023,TV-PG,84,Horror;Drama;Action;Comedy,GN,2
48,Return of the alarm,Animi aut quis. Ad necessitatibus iste ab laudantium sunt. Possimus ea est consequatur at quis saepe enim repellendus adipisci. Minus assumenda voluptatem quisquam voluptas et modi sunt aut. Consectetur quo corrupti id veniam cupiditate. Omnis veniam id.,2022,TV-PG,155,Action;Horror;Comedy,HK,1
49,Bogus.Randomizer of vitae,Doloribus sit autem modi tenetur quia ut omnis est. Aperiam ut molestiae. Et aut eos quas non id. Nobis id nobis. Consequuntur esse dolorum excepturi facilis repellendus qui eius. Quam inventore est et impedit non aliquid eum quos.,2023,U/A,136,Action;Drama;Horror;Adventure,MT,3
50,Handmade Tasty Frozen Pizza,Dolor architecto et eius iusto sed. Accusantium sequi cupiditate. Explicabo numquam nemo aut incidunt iste repellendus provident. Distinctio fuga voluptates natus voluptatem ut veritatis. Et aperiam totam.,2023,U/A,174,Adventure;Drama;Horror,FR,5
51,cross-platform panel,Dolores totam aut. Et quo consequuntur odit ut cupiditate. Est omnis id aut ut libero dolores.,2023,TV-PG,133,Horror;Comedy;Adventure;Action;Drama,SE,2
52,Bogus.Randomizer of ducimus,Ab impedit aut non quo consequatur. Reprehenderit ut cum. Ratione praesentium consequatur temporibus. Pariatur perspiciatis sunt ut et laborum est. Aliquam autem molestiae.,2022,R16,109,Adventure;Horror,LY,0
53,The Bogus.Randomizer calculate,Et possimus cum quia. Quam ipsam adipisci sequi nam vel. Sit eum iusto eos.,2022,TV-14,133,Comedy,RE,5
54,Rustic Intelligent Cotton Shirt,Labore pariatur est vel excepturi esse. Neque voluptate praesentium quia nam ad expedita. Beatae mollitia quaerat autem sed laborum. In autem illum assumenda fugiat sequi fugiat. Omnis aut quasi et.,2023,18,139,Adventure,AW,2
55,Annalise's multi-byte Adventure,Est quo aliquam voluptatem in. Qui optio eos pariatur aliquid. Ipsum maxime ut. Qui ut veritatis harum. Unde cumque suscipit qui corporis sit perspiciatis quia sunt recusandae. Earum a necessitatibus et.,2023,18R,179,Comedy;Adventure;Action;Drama,PN,4
56,Return of the array,Velit ipsa pariatur quia ducimus. Error quidem dolores minima accusamus repellat omnis soluta. Hic illum autem qui fuga magnam quos. Rerum id natus mollitia architecto molestiae ad ducimus quia repudiandae.,2022,G,87,Horror;Action,QA,6
57,Return of the firewall,Exercitationem voluptatibus vitae amet dolore sequi praesentium esse ut et. Est consequuntur eligendi. In harum veniam. Est unde eaque omnis temporibus. Sit illo incidunt corporis sint dolorem asperiores soluta ut mollitia. Debitis aut non minima deserunt quidem et sed aspernatur amet.,2023,AL,114,Comedy;Horror;Drama,CZ,1
58,back-end pixel,Cum nemo nobis vero. Omnis accusantium blanditiis et consequatur omnis ex veritatis. Quidem culpa deserunt placeat repellat magni odio labore. Cumque officiis rerum eaque ducimus omnis necessitatibus. Eum dolore veritatis qui iusto voluptate. Tempore et quod incidunt autem voluptas maiores sunt voluptatem.,2023,C,146,Action,TZ,1
59,Ludwig's open-source Adventure,Omnis architecto non facere sit sint praesentium eum voluptates magnam. Ut aut deserunt aut laudantium aut qui non. Eveniet sed ad expedita facilis maiores fugit nisi voluptates cumque. Dolor distinctio ullam reprehenderit est magnam. Aut recusandae fugiat dolorum quae recusandae debitis quam labore. Voluptas et rerum.,2023,S,148,Action;Drama;Adventure,CK,1
60,Darryl's virtual Adventure,At laborum totam sint iure debitis quae. Et ea laudantium. Sed aliquam vero rerum sed. Adipisci suscipit qui hic architecto ipsam facilis et et dolore. Debitis in voluptas voluptates nostrum repellat.,2023,M/PG,101,Horror;Adventure,HN,6
61,Bogus.Randomizer of nulla,Quibusdam iste doloremque natus beatae officiis veniam quos est. Eos debitis blanditiis corporis laboriosam fuga aliquam facere. Architecto velit repellendus enim eos quisquam molestias eveniet. Et consequuntur ipsam quisquam. Reiciendis itaque adipisci minus velit rerum.,2023,NC-17,96,Drama;Action;Comedy;Horror,IM,6
62,Bogus.Randomizer of magnam,Pariatur provident et sed sapiente. Ut et vel aperiam quis beatae perspiciatis ratione. Sed veritatis ab. Corporis dignissimos perspiciatis facere praesentium voluptatem delectus error quia velit. Qui facere nihil dicta sunt veritatis. Consequatur molestias nesciunt in velit id.,2023,U/A,144,Action;Adventure;Horror;Drama,GN,5
63,redundant array,Dolorum perspiciatis odio omnis esse modi. Totam voluptatem cupiditate quibusdam quam maiores accusamus sit. Rerum aut quo vel sequi suscipit deserunt hic magni. Delectus totam dignissimos autem consequatur eos ipsum harum. In ad illum.,2023,PG,146,Drama;Adventure;Comedy;Horror,FM,3
64,Practical Licensed Plastic Chicken,Sunt pariatur dolorem. Eum et dolor voluptatem. Sit dolores aperiam vitae nobis et asperiores libero. Aliquam itaque nulla mollitia molestias omnis modi doloribus laborum magnam. Culpa tempore quia quae temporibus est et aspernatur sint minus.,2023,T,91,Horror;Action;Adventure;Comedy;Drama,VG,0
65,Bogus.Randomizer of sit,Reprehenderit fugiat ut. Ex aliquid cum veniam sed et. Aut et facere autem nemo perferendis minus. Illum eos quisquam fuga aliquid aut sunt ullam. Natus eum dolor. Sequi similique voluptatum est maxime suscipit quibusdam et nostrum.,2023,R21,164,Drama;Horror,BZ,6
66,The Bogus.Randomizer parse,Quia autem quia qui consequatur autem sit. Fugit quidem dolore quis laboriosam in ut ut eligendi voluptatem. Aliquam quaerat amet quibusdam. Corrupti non dolore numquam molestiae necessitatibus. Sunt id voluptatem. Rerum qui qui officiis quas enim et accusamus.,2022,C,80,Comedy;Horror;Drama;Action;Adventure,MM,3
67,Return of the capacitor,Adipisci dolore id odio commodi. Non enim ipsum praesentium sed sequi vitae quam quo. Ut iusto cupiditate ad sint nihil. Tempore cumque magnam veniam nostrum. Soluta sed et qui fuga facilis. Deleniti aliquid tempore distinctio.,2023,TV-Y,133,Comedy;Horror;Drama;Adventure,MW,5
68,haptic circuit,Doloribus quos sed nam deleniti et reiciendis ut. Ut molestias eveniet est odio ut. Saepe recusandae aspernatur laboriosam aut dolorem soluta nisi distinctio. Mollitia nulla quia aut molestiae. Nostrum dolor maiores accusamus.,2023,12A,92,Action;Comedy;Drama,SK,2
69,Bogus.Randomizer of vitae,Illum id neque qui adipisci. Reiciendis et et voluptate accusamus fugit iusto accusantium dolore quas. Doloremque rerum a atque quos. Eos temporibus ipsum qui similique ut repudiandae beatae.,2023,15,111,Comedy,CR,4
70,virtual hard drive,Ipsam adipisci ab eligendi earum omnis nobis ut. Quia est minima exercitationem libero. Dolorem voluptatibus quos voluptatum eaque est facilis perferendis sint officiis. Ipsa praesentium eveniet numquam voluptate accusamus fugiat illum. Natus voluptate quo eos nesciunt consequatur. Nihil atque dolores ut mollitia voluptates vero voluptatibus laboriosam omnis.,2023,TV-G,154,Horror;Adventure;Action;Comedy,HM,0
71,neural program,Laborum assumenda ipsa in. Non voluptatem ut minima ea qui. Voluptatibus dolorem qui qui. Similique omnis non similique excepturi odio et voluptatem id. Neque amet expedita ea officiis perferendis.,2023,PG-13,162,Adventure;Horror,GW,6
72,Ergonomic Fantastic Granite Shoes,Voluptatibus ut culpa fuga nemo sed. Vel eum deleniti ipsum et labore ad molestiae aliquam. Omnis maxime doloribus aliquid voluptatem explicabo.,2023,GP,99,Adventure;Comedy;Action;Drama,VN,2
73,Gorgeous Practical Metal Mouse,Et ut qui nisi aut atque reprehenderit vitae. Est et et praesentium. Voluptatum optio impedit earum repellat alias dolor nobis odio.,2022,MA15+,151,Adventure;Drama,JM,0
74,The Bogus.Randomizer override,Iure sit quod voluptatum. Esse ducimus in dolores tenetur. Cum ducimus et eveniet.,2023,AL,127,Horror,SR,2
75,Return of the transmitter,Veritatis est quia doloribus dolorem magnam aut veritatis voluptatem. Voluptas quasi quia fuga. Qui facere ea ducimus aut possimus illo. Eum delectus aliquid expedita possimus beatae eum aut consequuntur. Beatae sunt et voluptas porro perferendis.,2023,MA15+,93,Action;Adventure;Horror;Drama;Comedy,LT,0
76,The Bogus.Randomizer compress,Quod in temporibus ex amet. Nulla nobis est nulla. Soluta cupiditate molestiae aut distinctio provident impedit. Laboriosam ipsum deserunt maiores.,2023,A,111,Drama;Action,KH,6
77,Awesome Intelligent Concrete Keyboard,Et nobis quibusdam quisquam deserunt. Quos dolore voluptatem et accusantium et. Cum ut in quo ea. Et similique maxime nemo explicabo asperiores. Illo cumque earum. Quia in nisi corrupti minus quibusdam in.,2023,C,148,Comedy;Adventure,VU,3
78,Refined Practical Fresh Pizza,Unde sequi magni reprehenderit cum ad accusamus. Dolores sint inventore enim iusto. Dignissimos quod quod quas consequuntur esse fugiat nihil voluptatem perferendis. Quaerat nulla hic quae quo nesciunt aut. Fugit id nostrum est eos molestiae mollitia dolores.,2023,R18,133,Comedy;Adventure;Horror;Drama;Action,KI,5
79,Bogus.Randomizer of minima,Quas laborum deserunt nihil dolorem tenetur est est. Delectus blanditiis consequatur libero nihil aperiam eveniet numquam occaecati. Ipsa ut porro quasi quia itaque. Consequatur in quos ad dolorem earum sit. Et in quia placeat quis vel at placeat omnis. Praesentium repudiandae et saepe voluptates ipsum voluptate a sapiente iure.,2023,R21,90,Drama;Horror;Action;Adventure,BM,1
80,cross-platform protocol,Sit consequatur tenetur iusto ex. Saepe et quos laudantium placeat quia id neque. Enim ut quo praesentium. Amet qui veniam cum nulla quis officiis.,2022,TV-14,93,Horror;Action;Adventure;Drama,PA,2
81,virtual program,Omnis aut aut neque aliquam et sit quia est. Voluptatum adipisci nobis ut error expedita nobis velit modi est. Eius qui culpa assumenda repudiandae quibusdam sint dolor unde. Eos dolores vel voluptas dignissimos mollitia dolorem odit necessitatibus. Ea molestias veritatis non molestiae facere.,2022,R18+,165,Drama;Action;Comedy;Adventure,VA,4
82,Bogus.Randomizer of rerum,Autem qui facere voluptatibus illum porro cum occaecati ratione. Quia voluptate distinctio est libero omnis molestiae non repellendus. Eum ea error quis cum aut. Quo voluptatem et voluptatem excepturi eos omnis sed quia aperiam.,2023,GP,85,Adventure;Action;Drama;Horror;Comedy,BR,4
83,Return of the feed,Incidunt quibusdam exercitationem dolor maiores rerum sit id ut. Excepturi recusandae aut animi neque sit doloribus blanditiis. Earum minus necessitatibus est omnis sit eaque ut tempora. Voluptas laboriosam sit. Reprehenderit aliquid distinctio.,2023,C,157,Adventure;Action;Horror,IE,0
84,Bogus.Randomizer of illo,Mollitia qui iure quo. Ut dolor at. Quia maiores ut quisquam est quia quis ut. Voluptate ea est consequuntur quibusdam numquam.,2023,CA,123,Horror;Drama;Adventure,NG,0
85,solid state hard drive,Omnis et minus. Id quo corrupti nulla enim quidem. Accusantium velit optio saepe architecto cumque ea. Soluta iste est odio sit.,2022,TV-Y,130,Horror;Action;Adventure;Comedy,UA,3
86,Unbranded Generic Granite Sausages,Molestias architecto reiciendis omnis sapiente sunt et. Fugiat dolorum dolores culpa. Et aliquam sapiente veritatis exercitationem dolores adipisci quibusdam minima enim. Laudantium omnis ea ut dolorem et temporibus illum consequatur. Eum enim quis quia praesentium eaque deserunt.,2023,9,136,Horror;Comedy;Adventure;Drama;Action,JO,4
87,The Bogus.Randomizer copy,Voluptatem reprehenderit illum est nobis et. Dolorem nam delectus voluptatem. Ab vel deserunt tempore dolorem qui. Et magnam molestiae omnis praesentium voluptas. Nobis et tempore dicta unde aperiam in. Voluptatum delectus quos sequi porro quis et sapiente.,2023,AL,160,Comedy;Adventure;Drama;Action;Horror,NI,6
88,The Bogus.Randomizer synthesize,Quia consequuntur voluptatibus accusamus impedit cum dicta et et. Beatae voluptates qui. Quas laboriosam dolorem sed placeat eum animi vero eos libero.,2023,C,142,Drama;Horror;Comedy,GY,0
89,Bogus.Randomizer of tenetur,Ipsum eos ut et id hic aut eum. Asperiores dolores repudiandae ab minima reiciendis. Perspiciatis amet molestias sequi est aut ducimus nesciunt. Porro quisquam et. In placeat et quae. Maiores voluptatum tempore rerum et occaecati.,2023,E,127,Adventure;Comedy,EH,5
90,multi-byte feed,Expedita rerum optio eaque fugiat. Quaerat eaque neque quis qui iusto non libero sunt consequatur. Itaque hic sint perspiciatis aut neque. Aliquam est est adipisci. Et odio eius sint minus non magnam et.,2023,R18+,87,Comedy;Action,CV,2
91,Return of the array,Perferendis doloribus tenetur omnis ex culpa et cumque voluptatem optio. Et harum ut. Voluptatem magnam corrupti labore sit voluptatem ex illum cupiditate.,2022,S,101,Horror,KW,2
92,The Bogus.Randomizer back up,Quaerat aut in dolor vel totam ab in et voluptates. Sit ut velit et velit. Sed inventore et. Dolorem autem fuga numquam consequatur labore perferendis doloremque odit facilis. Illum debitis ut eum fuga qui.,2023,U/A,133,Comedy;Horror;Action;Adventure;Drama,NF,2
93,The Bogus.Randomizer navigate,Sequi ea aut et possimus iure ratione voluptatum. Consequuntur sed odit. Vel numquam totam ut dolor tempore provident sequi.,2022,PG-13,166,Drama,SE,0
94,Return of the application,Commodi eos harum quia. Qui eum ducimus velit quis repellat. Iure earum cupiditate magnam eaque in. Aut et accusantium ut reprehenderit sunt voluptatum sit. Inventore accusamus itaque accusantium iste dolores eum qui. Optio eum eligendi et mollitia laborum.,2023,18R,156,Comedy,BY,3
95,Return of the pixel,Nobis maiores earum. Culpa suscipit qui fugiat. Porro similique similique vitae sequi eligendi et. Neque pariatur sed praesentium. Iure ipsa quasi est ipsum maiores pariatur iusto qui.,2023,15,133,Comedy;Horror;Adventure,AL,2
96,Bogus.Randomizer of nisi,Dolor aliquid harum qui corporis optio ad. Cum sint vitae officia esse sed sint corporis rem. Dolores sequi illum vel facilis sit et ratione accusantium.,2023,18,90,Horror;Comedy;Adventure;Drama,BN,1
97,Awesome Unbranded Plastic Ball,Vero dolorem enim qui. Molestiae enim fuga aut architecto ipsam iusto excepturi. Et expedita sint et aut et. Cum aut animi accusamus sint. Et sunt et et soluta ea enim ut sed fugit. Cumque corporis quo in impedit quia fuga fugit id.,2023,T,144,Comedy;Horror;Action;Adventure;Drama,IR,4
98,Bogus.Randomizer of sint,Explicabo minus ab quis in. Saepe voluptas exercitationem. Repudiandae quia veniam. Molestias blanditiis nostrum qui quo aut quibusdam tenetur.,2023,9,120,Horror;Adventure;Action;Comedy,GA,2
99,open-source system,Vel quidem voluptas quas. Excepturi omnis dolor et quos veritatis corporis architecto. Et eos magni recusandae iure est est et.,2023,U/A,131,Action;Comedy,PW,2
100,Rustic Fantastic Frozen Tuna,Voluptatem cum voluptatem aspernatur asperiores et maiores corporis repudiandae. Quod sunt quis vitae nihil ratione repellendus enim. Iure sint ut minima.,2023,TV-14,88,Action;Horror;Adventure;Comedy,FI,2
101,quas,,0,,0,impedit,,
102,deleniti,,0,,0,harum,,
103,Bogus.Randomizer of qui,Incidunt atque voluptas nulla quo fugit qui itaque omnis. Ipsum non quasi sapiente itaque et et. Aut animi et molestiae esse voluptatum et nihil.,2023,U,118,Horror;Comedy;Drama;Action;Adventure,SI,5
104,et,,0,,0,minus,,
105,1080p interface,Dolorem est omnis quia blanditiis odio. Asperiores ducimus vel delectus omnis. Officia sint qui ipsam. Id nulla atque omnis quis aut occaecati. Possimus autem id eaque expedita. Et et voluptatem voluptas recusandae non hic et inventore.,2022,NC-17,101,Adventure;Action;Horror;Comedy;Drama,TD,1
106,Emmet's digital Adventure,Odit distinctio dolor dolores consequatur voluptatem quos. Ullam similique rerum quasi. Quis voluptatem ea nulla blanditiis et sed. Sit rem ut.,2022,S,172,Comedy;Action;Adventure,PH,1
107,Return of the card,Voluptatem eligendi eaque et. Nam pariatur repellat dolorem dolorem earum omnis. Blanditiis temporibus exercitationem.,2023,R18+,107,Action;Comedy;Horror,KH,6
108,natus,,0,,0,distinctio,,
109,amet,,0,,0,eos,,
110,Shane's cross-platform Adventure,Ea esse totam consequuntur et dolore odit repellat. Ipsam amet in est ut repellendus totam. In repudiandae atque non. Tenetur consequuntur beatae corporis. Qui consectetur porro et autem in at. Cumque nobis aperiam eaque quas explicabo.,2023,PG,175,Drama;Comedy;Adventure,SN,1
111,exercitationem,,0,,0,qui,,
112,possimus,,0,,0,est,,
113,Generic Refined Concrete Tuna,Ea exercitationem non nulla accusamus voluptatem nulla temporibus odit necessitatibus. Totam laboriosam at exercitationem aspernatur dolor omnis labore. Molestiae sint ut. Aut rerum necessitatibus commodi libero sit neque voluptatum quisquam.,2023,TV-G,170,Drama;Comedy;Adventure,PN,5
114,The Bogus.Randomizer hack,Officiis enim dolorem dolores accusantium nesciunt aperiam quia. Consequuntur quae recusandae aliquam. Voluptates eum consequatur.,2022,EC,119,Action;Comedy;Drama;Adventure,UZ,1
115,occaecati,,0,,0,fuga,,
116,Bogus.Randomizer of quasi,Id accusantium unde rem. Qui molestiae in suscipit minus nesciunt nesciunt. Quo et dicta autem et omnis. Illum quidem consectetur illo ut qui.,2023,12A,87,Adventure;Horror;Action,SX,0
117,odit,,0,,0,omnis,,
118,culpa,,0,,0,ut,,
119,nam,,0,,0,odio,,
120,molestiae,,0,,0,voluptas,,
